recruiter_id,recruiter_name,region
1,Nicholas Villegas,India
2,Sophia Smith,India
3,Bethany Serrano,APAC
4,Amanda Garcia,India
5,Jeffrey Mcpherson,UK
6,April Barnett,North America
7,Christina Ramos,APAC
8,Jesse Holloway,UK
9,Molly Tucker,APAC
10,Travis King,UK
11,Jose Miles,South America
12,Amy Williams,Europe
13,Michael Gonzales,North America
14,Mrs. Karen Clements,APAC
15,Lori Nguyen,APAC
16,Gloria Smith,Middle East
17,Jill Lewis,Europe
18,Tyrone Mills,Middle East
19,Vanessa Pittman,South America
20,Kimberly Lopez,South America
21,Alexandra Compton,Africa
22,Gene Christian,APAC
23,Vanessa Erickson,Europe
24,Chelsea Salas,North America
25,Dr. Michael Williams,India
